{"cameraMode":{"drawMode":0,"name":"Shaded","section":"Shading Mode"},"sceneLighting":true,"audioPlay":false,"sceneViewState":{"m_AlwaysRefresh":false,"showFog":true,"showSkybox":true,"showFlares":true,"showImageEffects":true,"showParticleSystems":true,"showVisualEffectGraphs":true,"m_FxEnabled":true},"in2DMode":false,"pivot":{"x":0.02940676175057888,"y":0.9221056699752808,"z":-1.8594788312911988},"rotation":{"x":-0.0018080773297697306,"y":0.044083092361688617,"z":-0.00007856853335397318,"w":-0.9990362524986267},"size":1.2247449159622193,"orthographic":false}